,text
0,Askies hle ðŸ’”
1,"So if I was your coach we'd be SUPER mindful on using those first ~4 weeks weeks with just a tiny bit of running (and make it very easy kylekranz.com/rpe, maybe even run/walks) but focusing heavily on daily strength & mobility work
What has your 3-4 weeks back looked like?"
2,One o vaya kadi sneakers?
3,"It is said to come across such. . . .as people let's consider those who are around us.. parents siblings & our kids.   Who & how are they going be when we end our lives...
Please note us not to this"
4,Wanna talk?..
5,Piel is mos essential goods.
6,Advise him that in this app no one is real and normal person can't get mad because people don't like his post. He have to much time in his life to worry about useless things. He was living before he join Twitter and now what changed. People are crazy over so called attention.
7,Iâ€™m glad people like you are here to tell it like it is
8,I hear you sir. But I personally think this issue is way bigger than Twitter. The guy was lonely outside of this app.
9,Don't be sad everything will be ok your family does love you Shirley even you boyfriend
10,Attended two sessions. I remember they made me draw pictures
11,@checholifestyle ish tis is sad bro...beyond actually
